{
  "id": "",
  "name": "",
  "font_family": "iconfont",
  "css_prefix_text": "icon-",
  "description": "",
  "glyphs": [
    {
      "icon_id": "1038046",
      "name": "机构",
      "font_class": "jigou",
      "unicode": "e62c",
      "unicode_decimal": 58924
    },
    {
      "icon_id": "1240761",
      "name": "项目",
      "font_class": "xiangmu",
      "unicode": "e611",
      "unicode_decimal": 58897
    },
    {
      "icon_id": "1367306",
      "name": "标准",
      "font_class": "biaozhun",
      "unicode": "e607",
      "unicode_decimal": 58887
    },
    {
      "icon_id": "1441002",
      "name": "专利",
      "font_class": "zhuanli",
      "unicode": "e645",
      "unicode_decimal": 58949
    },
    {
      "icon_id": "1460463",
      "name": "其他领域",
      "font_class": "qitalingyu",
      "unicode": "e62f",
      "unicode_decimal": 58927
    },
    {
      "icon_id": "3640211",
      "name": "专利",
      "font_class": "zhuanli1",
      "unicode": "e616",
      "unicode_decimal": 58902
    },
    {
      "icon_id": "3775369",
      "name": "论文题目",
      "font_class": "lunwentimu",
      "unicode": "e606",
      "unicode_decimal": 58886
    },
    {
      "icon_id": "3775431",
      "name": "发表论文",
      "font_class": "fabiaolunwen",
      "unicode": "e615",
      "unicode_decimal": 58901
    },
    {
      "icon_id": "7219968",
      "name": "机构",
      "font_class": "jigou1",
      "unicode": "ea2c",
      "unicode_decimal": 59948
    },
    {
      "icon_id": "11346888",
      "name": "应用领域",
      "font_class": "yingyonglingyu",
      "unicode": "e60c",
      "unicode_decimal": 58892
    }
  ]
}
